,Degree,Clustering Coefficient,Betweenness,Closeness,Shortest Path,Eigenvector,E In,E Out,E In Over E Out,ODF,Expansion,Cut Ratio,Conductance,Normalised Cut,Triangle Participation
graph_03_mu_0_2_node_41,18,0.15833333333333333,0.0010117692103180584,0.3627450980392157,2.756756756756757,0.01058585995303932,10.02,7.98,1.2571785714285713,0.4433333333333335,0.5551380526907503,0.008103253537887144,0.2848482758620689,0.2851592178325986,0.6254702609819918
graph_03_mu_0_2_node_46,19,0.4853801169590643,0.0003981651150964603,0.3623503808487487,2.75975975975976,0.016248354014623618,16.0,3.0,5.333333333333332,0.15789473684210528,0.09088201160541584,0.0031024240655156358,0.08571428571428569,0.08583125845963606,0.484704061895551
graph_03_mu_0_2_node_802,30,0.2114942528735632,0.0027763904786970227,0.3900819992190551,2.563563563563564,0.02444495469257334,17.0,13.0,1.3076923076923077,0.4333333333333335,0.3938220502901354,0.01344383761723442,0.27659574468085113,0.2771024685163607,0.5149980657640234
graph_03_mu_0_2_node_953,42,0.2769230769230769,0.0033846663496553643,0.3928430987023201,2.5455455455455454,0.03506552380874515,31.000999999999998,10.999,2.818563636363637,0.2618809523809524,0.33321276595744675,0.011374505588947323,0.15066938171047758,0.15109861102446268,0.908841392649903
graph_03_mu_0_2_node_809,20,0.22105263157894736,0.0014447772560323927,0.3626134301270417,2.7577577577577577,0.009061583331605194,12.014000000000001,7.986000000000001,1.5052380952380957,0.3993,0.5552738660427555,0.008109530779410807,0.2494741532976827,0.2497853774204996,0.8334181934048488
graph_03_mu_0_2_node_792,19,0.34502923976608185,0.0006284153613629594,0.3647316538882804,2.7417417417417416,0.01612695260616933,14.0,5.0,2.7999999999999994,0.2631578947368421,0.15147001934235976,0.0051707067758593964,0.15151515151515152,0.15171006049265906,0.4241160541586072
graph_03_mu_0_2_node_89,18,0.19607843137254904,0.001195361696434752,0.367414490621552,2.7217217217217216,0.01352468472925927,9.032,8.968,1.00975,0.4982222222222222,0.6243596743349143,0.009106112190655729,0.33187619047619044,0.3322255895107108,0.6255737382213384
