,Degree,Clustering Coefficient,Betweenness,Closeness,Shortest Path,Eigenvector,E In,E Out,E In Over E Out,ODF,Expansion,Cut Ratio,Conductance,Normalised Cut,Triangle Participation
graph_09_mu_0_2_node_837,20,0.19473684210526315,0.0013495781098295716,0.3716517857142857,2.690690690690691,0.013481120600372879,11.0,9.0,1.2222222222222217,0.4500000000000001,0.2727272727272726,0.009307135470527406,0.29032258064516125,0.2906768416174109,0.3333333333333333
graph_09_mu_0_2_node_179,17,0.29411764705882354,0.0008192197757851624,0.3662023460410557,2.730730730730731,0.01251047986213887,11.0,6.0,1.8333333333333328,0.3529411764705881,0.18181818181818185,0.0062047569803516025,0.21428571428571427,0.2145219161595824,0.3333333333333333
graph_09_mu_0_2_node_197,18,0.24183006535947715,0.0013128917021337366,0.3613019891500904,2.767767767767768,0.006608838750456908,10.015,7.985,1.2551428571428571,0.4436111111111112,0.5522771866447727,0.008110853071854938,0.28505812807881764,0.2853724243746548,0.6913370005473453
graph_09_mu_0_2_node_415,16,0.19166666666666668,0.0011330750021619686,0.3694526627218935,2.7067067067067065,0.01269715978862263,8.033999999999999,7.966,1.0097142857142856,0.497875,0.5520190038314174,0.008090646384657986,0.33152,0.3318334997285515,0.5527491625615762
graph_09_mu_0_2_node_487,29,0.3276353276353277,0.001893556617651447,0.3778366111951589,2.6466466466466465,0.020310535063546367,20.0,9.0,2.2222222222222223,0.31034482758620696,0.3461538461538461,0.009240246406570842,0.1836734693877551,0.18402798153964384,0.7307692307692305
graph_09_mu_0_2_node_678,18,0.2352941176470588,0.0010925297862679694,0.3675496688741722,2.720720720720721,0.012617651227911557,10.0,8.0,1.25,0.4444444444444446,0.2962962962962963,0.008221993833504625,0.2857142857142856,0.2860291719616289,0.3703703703703704
graph_09_mu_0_2_node_545,18,0.31666666666666665,0.0008332773778445338,0.3533781393703573,2.82982982982983,0.008019091317650936,12.038,5.962000000000001,2.0252,0.3312222222222222,0.413776157635468,0.00605477886578289,0.19854310850439888,0.19877783374166694,0.7607483524904215
